posting_id,image,title
5054919381-276,5054919381-276.jpeg,AT&T Apple iPhone 15 Pro Max 256GB Black Titanium
5054207554-276,5054207554-276.jpeg,Verizon Apple iPhone 15 Pro Max 256GB White Titanium
665592882-276,665592882-276.jpeg,Straight Talk Apple iPhone 11, 64GB, Black - Prepaid Smartphone [Locked to Straight Talk]
962786054-276,962786054-276.jpeg,Straight Talk Apple iPhone 12, 64GB, Black- Prepaid Smartphone [Locked to Straight Talk]
616074177-276,616074177-276.jpeg,Straight Talk Apple iPhone SE (2022-3rd Gen) 5G, 64GB, Midnight - Prepaid Smartphone [Locked to Straight Talk]
443587859-276,443587859-276.jpeg,Restored Apple iPhone 11 64GB Verizon GSM Unlocked T-Mobile AT&T 4G LTE Smartphone Black (Refurbished)
453447091-276,453447091-276.jpeg,Pre-Owned Apple iPhone 7 32GB Matte Black (AT&T) (Good)
1480168165-276,1480168165-276.jpeg,Restored Apple iPhone 14 Pro - Carrier Unlocked - 128GB Space Black - MPXT3LL/A (Refurbished)
579558414-276,579558414-276.jpeg,Pre-Owned Apple iPhone XS - Carrier Unlocked - 64 GB SPACE GRAY (Fair)
693670239-276,693670239-276.jpeg,Pre-Owned Apple iPhone XR - Carrier Unlocked - 64 GB Black (Good)
873021130-276,873021130-276.jpeg,Restored Apple iPhone 12 64GB Black 5G Fully Unlocked Smartphone (Refurbished)
620608873-276,620608873-276.jpeg,Restored Apple iPhone XR 64GB Factory Unlocked Smartphone 4G LTE iOS Smartphone (Refurbished)
179489451-276,179489451-276.jpeg,Pre-Owned Apple iPhone 8 64GB GSM Unlocked Phone 12MP Camera - Space Gray (Good)
549377034-276,549377034-276.jpeg,Pre-Owned Apple iPhone 12 64GB 128GB 256GB All Colors - Factory Unlocked Cell Phones (Good)
265591755-276,265591755-276.jpeg,Restored Apple iPhone 13 Pro 128GB Gold LTE Cellular T-Mobile MLTR3LL/A - TM (Refurbished)
1907318737-276,1907318737-276.jpeg,Pre-Owned Apple iPhone 12 Mini 64GB Fully Unlocked Smartphone (Refurbished: Good)
352285146-276,352285146-276.jpeg,Restored Apple iPhone 13 - Carrier Unlocked - 128 GB Midnight (Refurbished)
303227559-276,303227559-276.jpeg,Pre-Owned Apple iPhone 11 Pro - Carrier Unlocked - 64 GB SPACE GRAY (Good)
571918184-276,571918184-276.jpeg,Pre-Owned Apple iPhone 11 - Carrier Unlocked - 64 GB Black (Good)
209201965-276,209201965-276.jpeg,Walmart Family Mobile Apple iPhone 11, 64GB, 4GB RAM, Black - Prepaid Smartphone
610390317-276,610390317-276.jpeg,Restored Apple iPhone 12 Pro Max - Carrier Unlocked - 128GB Pacific Blue (Refurbished)
2157468264-276,2157468264-276.jpeg,Restored Apple iPhone 14 Plus - Carrier Unlocked -128GB Blue - MQ3W3LL/A (Refurbished)
985186916-276,985186916-276.jpeg,Pre-Owned Apple iPhone 6S 32gb Space Gray - Fully Unlocked (Good)
253034482-276,253034482-276.jpeg,Pre-Owned Apple iPhone 1164GB Black, Fully Unlocked Smartphone (Fair)
713100161-276,713100161-276.jpeg,Walmart Family Mobile Apple iPhone SE (2022-3rd Gen) 5G, 64GB, Midnight - Prepaid Smartphone [Locked to Walmart Family Mobile]
444643759-276,444643759-276.jpeg,Apple iPhone 8 64GB Unlocked GSM Phone w/ 12MP Camera - Gold - B Grade Used
649244098-276,649244098-276.jpeg,Restored Apple iPhone 12 Pro 128GB Unlocked - Graphite (Refurbished)
564022170-276,564022170-276.jpeg,Pre-Owned Apple iPhone 12 64GB 128GB 256GB All Colors - Factory Unlocked Cell Phones (Good)
224556024-276,224556024-276.jpeg,Pre-Owned iPhone XR 64GB Blue (Unlocked) (Refurbished: Good)
454408250-276,454408250-276.jpeg,Straight Talk Apple iPhone 13, 128GB, Midnight - Prepaid Smartphone [Locked to Straight Talk]
759065146-276,759065146-276.jpeg,Apple iPhone X 64GB Unlocked GSM Phone w/ Dual 12MP Camera - Space Gray - B Grade Used
809681211-276,809681211-276.jpeg,Restored Apple iPhone 12 Mini - Carrier Unlocked - 128 GB Blue (Refurbished)
1403258482-276,1403258482-276.jpeg,Pre-Owned Apple iPhone 13 Pro Max 128GB 256GB 512GB 1024GB All Colors - Factory Unlocked Cell Phones (Refurbished: Good)
902723613-276,902723613-276.jpeg,Apple iPhone 12 White 64GB GSM / CDMA Fully Unlocked Smartphone - A Grade Refurbished
685510731-276,685510731-276.jpeg,Pre-Owned Apple iPhone 12 Pro - Carrier Unlocked - 128 GB Graphite (Good)
462799546-276,462799546-276.jpeg,Restored Apple iPhone 13 - Carrier Unlocked - 128 GB Red (Refurbished)
2068427086-276,2068427086-276.jpeg,Restored Apple iPhone 14 Pro Max - Carrier Unlocked - 128GB Space Black - MQ8N3LL/A (Refurbished)
1305687480-276,1305687480-276.jpeg,Verizon Apple iPhone SE3, 64GB, Black - Prepaid Smartphone [Locked to Verizon Prepaid]
638800383-276,638800383-276.jpeg,Pre-Owned Apple iPhone 12 Mini 64GB Blue - Factory Unlocked Smartphone (Refurbished: Good)
